{
	"class_name" : "PinholeCameraParameters",
	"extrinsic" : 
	[
		-0.95927166308945644,
		-0.15895406919179988,
		-0.23351976421912751,
		0.0,
		-0.2457364789748262,
		0.87727993159138073,
		0.4123026855698097,
		0.0,
		0.13932501316936308,
		0.45289460751304061,
		-0.88061059225458216,
		0.0,
		0.25370514782503895,
		0.47065783350911927,
		0.0077402924660746608,
		1.0
	],
	"intrinsic" : 
	{
		"height" : 1080,
		"intrinsic_matrix" : 
		[
			935.30743608719376,
			0.0,
			0.0,
			0.0,
			935.30743608719376,
			0.0,
			959.5,
			539.5,
			1.0
		],
		"width" : 1920
	},
	"version_major" : 1,
	"version_minor" : 0
}