{
	"class_name" : "PinholeCameraParameters",
	"extrinsic" : 
	[
		-0.95697083994575782,
		0.19953428652372507,
		-0.210696179355438,
		0.0,
		-0.2757976820617592,
		-0.39962172789981287,
		0.87420713401328909,
		0.0,
		0.090235525503383138,
		0.89470025320876934,
		0.43745743432394929,
		0.0,
		0.18967930603409655,
		1.3563773979373177,
		1.7959028553641474,
		1.0
	],
	"intrinsic" : 
	{
		"height" : 1080,
		"intrinsic_matrix" : 
		[
			935.30743608719376,
			0.0,
			0.0,
			0.0,
			935.30743608719376,
			0.0,
			959.5,
			539.5,
			1.0
		],
		"width" : 1920
	},
	"version_major" : 1,
	"version_minor" : 0
}